{
"lengthUnit": "mil",
"remark": [],
"components": {
	"fields": ["COMPONENT_NO", "COMPONENT_NAME", "LAYER", "X_COORDINATE", "Y_COORDINATE", "ANGLE"],
	"rows": [
		[1, "C1", "B", 645, 105, 270],
		[2, "C2", "B", 515, 215, 270],
		[3, "R1", "B", 450, 215, 270],
		[4, "S  G ", "T", 472.4409, 105.2295, 0],
		[5, "U2", "B", 620, 215, 0],
		[6, "U3", "B", 335, 215, 180],
		[7, "U4", "B", 472.4409, 350.3937, 270],
		[8, "PAD1", "B", 645, 77.44, 0],
		[9, "PAD2", "B", 645, 132.56, 0],
		[10, "PAD3", "B", 515, 187.44, 0],
		[11, "PAD4", "B", 515, 242.56, 0],
		[12, "PAD5", "B", 450, 185.34, 0],
		[13, "PAD6", "B", 450, 244.66, 0],
		[14, "PAD7", "B", 663.31, 240.588, 0],
		[15, "PAD8", "B", 663.31, 214.998, 0],
		[16, "PAD9", "B", 663.31, 189.408, 0],
		[17, "PAD10", "B", 576.69, 240.588, 0],
		[18, "PAD11", "B", 386.185, 177.6, 0],
		[19, "PAD12", "B", 386.185, 252.4, 0],
		[20, "PAD13", "B", 283.815, 252.4, 0],
		[21, "PAD14", "B", 283.815, 215, 0],
		[22, "PAD15", "B", 283.815, 177.6, 0],
		[23, "PAD16", "B", 435.0389, 305.1177, 0],
		[24, "PAD17", "B", 472.4389, 395.6697, 0],
		[25, "PAD18", "B", 509.8429, 305.1177, 0],
		[26, "PAD19", "T", 374.0159, 105.2295, 0],
		[27, "PAD19", "B", 374.0159, 105.2295, 0],
		[28, "PAD20", "T", 472.4459, 105.2295, 0],
		[29, "PAD20", "B", 472.4459, 105.2295, 0],
		[30, "PAD21", "T", 570.8659, 105.2295, 0],
		[31, "PAD21", "B", 570.8659, 105.2295, 0]
	]
},
"pins": {
	"fields": ["PIN_NO", "PIN_NAME", "PIN_X", "PIN_Y", "LAYER", "PIN_TYPE", "NET_NAME", "NET_TYPE", "PAD_SHAPE", "PAD_SIZEX", "PAD_SIZEY", "HOLE_SIZE", "HOLE_LEN", "PAD_ANGLE"],
	"rows": [
		[1, "C1_1", 645, 132.56, "B", "SMD", "+5V", "", "R", 31.496, 35.433, 0, 0, 270],
		[2, "C1_2", 645, 77.44, "B", "SMD", "GND", "GND", "R", 31.496, 35.433, 0, 0, 270],
		[3, "C2_1", 515, 242.56, "B", "SMD", "$1N677", "", "R", 31.496, 35.433, 0, 0, 270],
		[4, "C2_2", 515, 187.44, "B", "SMD", "GND", "GND", "R", 31.496, 35.433, 0, 0, 270],
		[5, "R1_1", 450, 244.66, "B", "SMD", "$1N737", "", "R", 31.751, 34.016, 0, 0, 270],
		[6, "R1_2", 450, 185.34, "B", "SMD", "$1N776", "", "R", 31.751, 34.016, 0, 0, 270],
		[7, "S  G _1", 374.0159, 105.2295, "T", "DIP", "$1N776", "", "R", 60, 62.992, 33.4646, 33.4646, 0],
		[8, "S  G _1", 374.0159, 105.2295, "B", "DIP", "$1N776", "", "R", 60, 62.992, 33.4646, 33.4646, 0],
		[9, "S  G _2", 472.4459, 105.2295, "T", "DIP", "GND", "GND", "C", 62.992, 62.992, 33.4646, 33.4646, 0],
		[10, "S  G _2", 472.4459, 105.2295, "B", "DIP", "GND", "GND", "C", 62.992, 62.992, 33.4646, 33.4646, 0],
		[11, "S  G _3", 570.8659, 105.2295, "T", "DIP", "+5V", "", "C", 62.992, 62.992, 33.4646, 33.4646, 0],
		[12, "S  G _3", 570.8659, 105.2295, "B", "DIP", "+5V", "", "C", 62.992, 62.992, 33.4646, 33.4646, 0],
		[13, "U2_1", 663.31, 240.588, "B", "SMD", "+5V", "", "R", 15.748, 35.433, 0, 0, 270],
		[14, "U2_2", 663.31, 214.998, "B", "SMD", "GND", "GND", "R", 15.748, 35.433, 0, 0, 270],
		[15, "U2_3", 663.31, 189.408, "B", "SMD", "+5V", "", "R", 15.748, 35.433, 0, 0, 270],
		[16, "U2_4", 576.69, 189.408, "B", "SMD", "NET_1", "", "R", 15.748, 35.433, 0, 0, 270],
		[17, "U2_5", 576.69, 240.588, "B", "SMD", "$1N677", "", "R", 15.748, 35.433, 0, 0, 270],
		[18, "U3_1", 283.815, 177.6, "B", "SMD", "$1N737", "", "R", 43.307, 23.622, 0, 0, 180],
		[19, "U3_2", 283.815, 215, "B", "SMD", "GND", "GND", "R", 43.307, 23.622, 0, 0, 180],
		[20, "U3_3", 283.815, 252.4, "B", "SMD", "$1N681", "", "R", 43.307, 23.622, 0, 0, 180],
		[21, "U3_4", 386.185, 252.4, "B", "SMD", "$1N737", "", "R", 43.307, 23.622, 0, 0, 180],
		[22, "U3_5", 386.185, 177.6, "B", "SMD", "$1N677", "", "R", 43.307, 23.622, 0, 0, 180],
		[23, "U4_1", 509.8429, 305.1177, "B", "SMD", "$1N677", "", "R", 39.37, 31.496, 0, 0, 90],
		[24, "U4_2", 435.0389, 305.1177, "B", "SMD", "$1N681", "", "R", 39.37, 31.496, 0, 0, 90],
		[25, "U4_3", 472.4389, 395.6697, "B", "SMD", "GND", "GND", "R", 39.37, 31.496, 0, 0, 90],
		[26, "PAD1_2", 645, 77.44, "B", "SMD", "GND", "GND", "R", 31.496, 35.433, 0, 0, 270],
		[27, "PAD2_1", 645, 132.56, "B", "SMD", "+5V", "", "R", 31.496, 35.433, 0, 0, 270],
		[28, "PAD3_2", 515, 187.44, "B", "SMD", "GND", "GND", "R", 31.496, 35.433, 0, 0, 270],
		[29, "PAD4_1", 515, 242.56, "B", "SMD", "$1N677", "", "R", 31.496, 35.433, 0, 0, 270],
		[30, "PAD5_2", 450, 185.34, "B", "SMD", "$1N776", "", "R", 31.751, 34.016, 0, 0, 270],
		[31, "PAD6_1", 450, 244.66, "B", "SMD", "$1N737", "", "R", 31.751, 34.016, 0, 0, 270],
		[32, "PAD7_1", 663.31, 240.588, "B", "SMD", "+5V", "", "R", 15.748, 35.433, 0, 0, 270],
		[33, "PAD8_2", 663.31, 214.998, "B", "SMD", "GND", "GND", "R", 15.748, 35.433, 0, 0, 270],
		[34, "PAD9_3", 663.31, 189.408, "B", "SMD", "+5V", "", "R", 15.748, 35.433, 0, 0, 270],
		[35, "PAD10_5", 576.69, 240.588, "B", "SMD", "$1N677", "", "R", 15.748, 35.433, 0, 0, 270],
		[36, "PAD11_5", 386.185, 177.6, "B", "SMD", "$1N677", "", "R", 43.307, 23.622, 0, 0, 180],
		[37, "PAD12_4", 386.185, 252.4, "B", "SMD", "$1N737", "", "R", 43.307, 23.622, 0, 0, 180],
		[38, "PAD13_3", 283.815, 252.4, "B", "SMD", "$1N681", "", "R", 43.307, 23.622, 0, 0, 180],
		[39, "PAD14_2", 283.815, 215, "B", "SMD", "GND", "GND", "R", 43.307, 23.622, 0, 0, 180],
		[40, "PAD15_1", 283.815, 177.6, "B", "SMD", "$1N737", "", "R", 43.307, 23.622, 0, 0, 180],
		[41, "PAD16_2", 435.0389, 305.1177, "B", "SMD", "$1N681", "", "R", 39.37, 31.496, 0, 0, 90],
		[42, "PAD17_3", 472.4389, 395.6697, "B", "SMD", "GND", "GND", "R", 39.37, 31.496, 0, 0, 90],
		[43, "PAD18_1", 509.8429, 305.1177, "B", "SMD", "$1N677", "", "R", 39.37, 31.496, 0, 0, 90],
		[44, "PAD19_1", 374.0159, 105.2295, "T", "DIP", "$1N776", "", "R", 60, 62.992, 33.4646, 33.4646, 0],
		[45, "PAD19_1", 374.0159, 105.2295, "B", "DIP", "$1N776", "", "R", 60, 62.992, 33.4646, 33.4646, 0],
		[46, "PAD20_2", 472.4459, 105.2295, "T", "DIP", "GND", "GND", "C", 62.992, 62.992, 33.4646, 33.4646, 0],
		[47, "PAD20_2", 472.4459, 105.2295, "B", "DIP", "GND", "GND", "C", 62.992, 62.992, 33.4646, 33.4646, 0],
		[48, "PAD21_3", 570.8659, 105.2295, "T", "DIP", "+5V", "", "C", 62.992, 62.992, 33.4646, 33.4646, 0],
		[49, "PAD21_3", 570.8659, 105.2295, "B", "DIP", "+5V", "", "C", 62.992, 62.992, 33.4646, 33.4646, 0]
	]
}
}